-- phpMyAdmin SQL Dump
-- version 5.1.1
-- https://www.phpmyadmin.net/
--
-- Host: 127.0.0.1
-- Tempo de geração: 30-Abr-2023 às 21:38
-- Versão do servidor: 10.4.20-MariaDB
-- versão do PHP: 8.0.9

SET SQL_MODE = "NO_AUTO_VALUE_ON_ZERO";
START TRANSACTION;
SET time_zone = "+00:00";


/*!40101 SET @OLD_CHARACTER_SET_CLIENT=@@CHARACTER_SET_CLIENT */;
/*!40101 SET @OLD_CHARACTER_SET_RESULTS=@@CHARACTER_SET_RESULTS */;
/*!40101 SET @OLD_COLLATION_CONNECTION=@@COLLATION_CONNECTION */;
/*!40101 SET NAMES utf8mb4 */;

--
-- Banco de dados: `corrente_sanguinea`
--

CREATE DATABASE IF NOT EXISTS corrente_sanguinea;

USE corrente_sanguinea;

-- --------------------------------------------------------

--
-- Estrutura da tabela `data_horario`
--

CREATE TABLE `data_horario` (
  `ID` int(11) NOT NULL,
  `DATA` date NOT NULL,
  `HORARIO` time NOT NULL,
  `DISPONIVEL` tinyint(1) NOT NULL
) ENGINE=InnoDB DEFAULT CHARSET=utf8mb4;

--
-- Extraindo dados da tabela `data_horario`
--

INSERT INTO `data_horario` (`ID`, `DATA`, `HORARIO`, `DISPONIVEL`) VALUES
(1, '2023-08-14', '07:30:00', 0),
(2, '2023-08-14', '07:35:00', 1),
(3, '2023-08-14', '07:40:00', 0),
(4, '2023-08-14', '07:45:00', 1),
(5, '2023-08-14', '07:50:00', 1),
(6, '2023-08-14', '07:55:00', 0),
(7, '2023-08-14', '08:00:00', 0),
(8, '2023-08-14', '08:05:00', 0),
(9, '2023-08-14', '08:10:00', 0),
(10, '2023-08-14', '08:15:00', 0),
(11, '2023-08-14', '08:20:00', 0),
(12, '2023-08-14', '08:25:00', 0),
(13, '2023-08-14', '08:30:00', 0),
(14, '2023-08-14', '08:35:00', 0),
(15, '2023-08-14', '08:40:00', 0),
(16, '2023-08-14', '08:45:00', 0),
(17, '2023-08-14', '08:50:00', 0),
(18, '2023-08-14', '08:55:00', 0),
(19, '2023-08-14', '09:00:00', 0),
(20, '2023-08-14', '09:05:00', 0),
(21, '2023-08-14', '09:10:00', 0),
(22, '2023-08-14', '09:15:00', 0),
(23, '2023-08-14', '09:20:00', 0),
(24, '2023-08-14', '09:25:00', 0),
(25, '2023-08-14', '09:30:00', 0),
(26, '2023-08-14', '09:35:00', 0),
(27, '2023-08-14', '09:40:00', 0),
(28, '2023-08-14', '09:45:00', 0),
(29, '2023-08-14', '09:50:00', 0),
(30, '2023-08-14', '09:55:00', 0),
(31, '2023-08-14', '10:00:00', 0),
(32, '2023-08-14', '10:05:00', 0),
(33, '2023-08-14', '10:10:00', 0),
(34, '2023-08-14', '10:15:00', 0),
(35, '2023-08-14', '10:20:00', 0),
(36, '2023-08-14', '10:25:00', 0),
(37, '2023-08-14', '10:30:00', 0),
(38, '2023-08-14', '10:35:00', 0),
(39, '2023-08-14', '10:40:00', 0),
(40, '2023-08-14', '10:45:00', 0),
(41, '2023-08-14', '10:50:00', 0),
(42, '2023-08-14', '10:55:00', 0),
(43, '2023-08-14', '11:00:00', 0),
(44, '2023-08-14', '11:05:00', 0),
(45, '2023-08-14', '11:10:00', 0),
(46, '2023-08-14', '11:15:00', 0),
(47, '2023-08-14', '11:20:00', 0),
(48, '2023-08-14', '11:25:00', 0),
(49, '2023-08-14', '11:30:00', 0),
(50, '2023-08-14', '11:35:00', 0),
(51, '2023-08-14', '11:40:00', 0),
(52, '2023-08-14', '11:45:00', 0),
(53, '2023-08-14', '11:50:00', 0),
(54, '2023-08-14', '11:55:00', 0),
(55, '2023-08-14', '12:00:00', 0),
(56, '2023-08-14', '12:05:00', 0),
(57, '2023-08-14', '12:10:00', 0),
(58, '2023-08-14', '12:15:00', 0),
(59, '2023-08-14', '12:20:00', 0),
(60, '2023-08-14', '12:25:00', 0),
(61, '2023-08-14', '12:30:00', 0),
(62, '2023-08-14', '12:35:00', 0),
(63, '2023-08-14', '12:40:00', 0),
(64, '2023-08-14', '12:45:00', 0),
(65, '2023-08-14', '12:50:00', 0),
(66, '2023-08-14', '12:55:00', 0),
(67, '2023-08-14', '13:00:00', 0),
(68, '2023-08-15', '07:30:00', 0),
(69, '2023-08-15', '07:35:00', 0),
(70, '2023-08-15', '07:40:00', 0),
(71, '2023-08-15', '07:45:00', 0),
(72, '2023-08-15', '07:50:00', 0),
(73, '2023-08-15', '07:55:00', 0),
(74, '2023-08-15', '08:00:00', 0),
(75, '2023-08-15', '08:05:00', 0),
(76, '2023-08-15', '08:10:00', 0),
(77, '2023-08-15', '08:15:00', 0),
(78, '2023-08-15', '08:20:00', 0),
(79, '2023-08-15', '08:25:00', 0),
(80, '2023-08-15', '08:30:00', 0),
(81, '2023-08-15', '08:35:00', 0),
(82, '2023-08-15', '08:40:00', 0),
(83, '2023-08-15', '08:45:00', 0),
(84, '2023-08-15', '08:50:00', 0),
(85, '2023-08-15', '08:55:00', 0),
(86, '2023-08-15', '09:00:00', 0),
(87, '2023-08-15', '09:05:00', 0),
(88, '2023-08-15', '09:10:00', 0),
(89, '2023-08-15', '09:15:00', 0),
(90, '2023-08-15', '09:20:00', 0),
(91, '2023-08-15', '09:25:00', 0),
(92, '2023-08-15', '09:30:00', 0),
(93, '2023-08-15', '09:35:00', 0),
(94, '2023-08-15', '09:40:00', 0),
(95, '2023-08-15', '09:45:00', 0),
(96, '2023-08-15', '09:50:00', 0),
(97, '2023-08-15', '09:55:00', 0),
(98, '2023-08-15', '10:00:00', 0),
(99, '2023-08-15', '10:05:00', 0),
(100, '2023-08-15', '10:10:00', 0),
(101, '2023-08-15', '10:15:00', 0),
(102, '2023-08-15', '10:20:00', 0),
(103, '2023-08-15', '10:25:00', 0),
(104, '2023-08-15', '10:30:00', 0),
(105, '2023-08-15', '10:35:00', 0),
(106, '2023-08-15', '10:40:00', 0),
(107, '2023-08-15', '10:45:00', 0),
(108, '2023-08-15', '10:50:00', 0),
(109, '2023-08-15', '10:55:00', 0),
(110, '2023-08-15', '11:00:00', 0),
(111, '2023-08-15', '11:05:00', 0),
(112, '2023-08-15', '11:10:00', 0),
(113, '2023-08-15', '11:15:00', 0),
(114, '2023-08-15', '11:20:00', 0),
(115, '2023-08-15', '11:25:00', 0),
(116, '2023-08-15', '11:30:00', 0),
(117, '2023-08-15', '11:35:00', 0),
(118, '2023-08-15', '11:40:00', 0),
(119, '2023-08-15', '11:45:00', 0),
(120, '2023-08-15', '11:50:00', 0),
(121, '2023-08-15', '11:55:00', 0),
(122, '2023-08-15', '12:00:00', 0),
(123, '2023-08-15', '12:05:00', 0),
(124, '2023-08-15', '12:10:00', 0),
(125, '2023-08-15', '12:15:00', 0),
(126, '2023-08-15', '12:20:00', 0),
(127, '2023-08-15', '12:25:00', 0),
(128, '2023-08-15', '12:30:00', 0),
(129, '2023-08-15', '12:35:00', 0),
(130, '2023-08-15', '12:40:00', 0),
(131, '2023-08-15', '12:45:00', 0),
(132, '2023-08-15', '12:50:00', 0),
(133, '2023-08-15', '12:55:00', 0),
(134, '2023-08-15', '13:00:00', 0),
(135, '2023-08-16', '07:30:00', 0),
(136, '2023-08-16', '07:35:00', 0),
(137, '2023-08-16', '07:40:00', 0),
(138, '2023-08-16', '07:45:00', 0),
(139, '2023-08-16', '07:50:00', 0),
(140, '2023-08-16', '07:55:00', 0),
(141, '2023-08-16', '08:00:00', 0),
(142, '2023-08-16', '08:05:00', 0),
(143, '2023-08-16', '08:10:00', 0),
(144, '2023-08-16', '08:15:00', 0),
(145, '2023-08-16', '08:20:00', 0),
(146, '2023-08-16', '08:25:00', 0),
(147, '2023-08-16', '08:30:00', 0),
(148, '2023-08-16', '08:35:00', 0),
(149, '2023-08-16', '08:40:00', 0),
(150, '2023-08-16', '08:45:00', 0),
(151, '2023-08-16', '08:50:00', 0),
(152, '2023-08-16', '08:55:00', 0),
(153, '2023-08-16', '09:00:00', 0),
(154, '2023-08-16', '09:05:00', 0),
(155, '2023-08-16', '09:10:00', 0),
(156, '2023-08-16', '09:15:00', 0),
(157, '2023-08-16', '09:20:00', 0),
(158, '2023-08-16', '09:25:00', 0),
(159, '2023-08-16', '09:30:00', 0),
(160, '2023-08-16', '09:35:00', 0),
(161, '2023-08-16', '09:40:00', 0),
(162, '2023-08-16', '09:45:00', 0),
(163, '2023-08-16', '09:50:00', 0),
(164, '2023-08-16', '09:55:00', 0),
(165, '2023-08-16', '10:00:00', 0),
(166, '2023-08-16', '10:05:00', 0),
(167, '2023-08-16', '10:10:00', 0),
(168, '2023-08-16', '10:15:00', 0),
(169, '2023-08-16', '10:20:00', 0),
(170, '2023-08-16', '10:25:00', 0),
(171, '2023-08-16', '10:30:00', 0),
(172, '2023-08-16', '10:35:00', 0),
(173, '2023-08-16', '10:40:00', 0),
(174, '2023-08-16', '10:45:00', 0),
(175, '2023-08-16', '10:50:00', 0),
(176, '2023-08-16', '10:55:00', 0),
(177, '2023-08-16', '11:00:00', 0),
(178, '2023-08-16', '11:05:00', 0),
(179, '2023-08-16', '11:10:00', 0),
(180, '2023-08-16', '11:15:00', 0),
(181, '2023-08-16', '11:20:00', 0),
(182, '2023-08-16', '11:25:00', 0),
(183, '2023-08-16', '11:30:00', 0),
(184, '2023-08-16', '11:35:00', 0),
(185, '2023-08-16', '11:40:00', 0),
(186, '2023-08-16', '11:45:00', 0),
(187, '2023-08-16', '11:50:00', 0),
(188, '2023-08-16', '11:55:00', 0),
(189, '2023-08-16', '12:00:00', 0),
(190, '2023-08-16', '12:05:00', 0),
(191, '2023-08-16', '12:10:00', 0),
(192, '2023-08-16', '12:15:00', 0),
(193, '2023-08-16', '12:20:00', 0),
(194, '2023-08-16', '12:25:00', 0),
(195, '2023-08-16', '12:30:00', 0),
(196, '2023-08-16', '12:35:00', 0),
(197, '2023-08-16', '12:40:00', 0),
(198, '2023-08-16', '12:45:00', 0),
(199, '2023-08-16', '12:50:00', 0),
(200, '2023-08-16', '12:55:00', 0),
(201, '2023-08-16', '13:00:00', 0),
(202, '2023-08-17', '07:30:00', 0),
(203, '2023-08-17', '07:35:00', 0),
(204, '2023-08-17', '07:40:00', 0),
(205, '2023-08-17', '07:45:00', 0),
(206, '2023-08-17', '07:50:00', 0),
(207, '2023-08-17', '07:55:00', 0),
(208, '2023-08-17', '08:00:00', 0),
(209, '2023-08-17', '08:05:00', 0),
(210, '2023-08-17', '08:10:00', 0),
(211, '2023-08-17', '08:15:00', 0),
(212, '2023-08-17', '08:20:00', 0),
(213, '2023-08-17', '08:25:00', 0),
(214, '2023-08-17', '08:30:00', 0),
(215, '2023-08-17', '08:35:00', 0),
(216, '2023-08-17', '08:40:00', 0),
(217, '2023-08-17', '08:45:00', 0),
(218, '2023-08-17', '08:50:00', 0),
(219, '2023-08-17', '08:55:00', 0),
(220, '2023-08-17', '09:00:00', 0),
(221, '2023-08-17', '09:05:00', 0),
(222, '2023-08-17', '09:10:00', 0),
(223, '2023-08-17', '09:15:00', 0),
(224, '2023-08-17', '09:20:00', 0),
(225, '2023-08-17', '09:25:00', 0),
(226, '2023-08-17', '09:30:00', 0),
(227, '2023-08-17', '09:35:00', 0),
(228, '2023-08-17', '09:40:00', 0),
(229, '2023-08-17', '09:45:00', 0),
(230, '2023-08-17', '09:50:00', 0),
(231, '2023-08-17', '09:55:00', 0),
(232, '2023-08-17', '10:00:00', 0),
(233, '2023-08-17', '10:05:00', 0),
(234, '2023-08-17', '10:10:00', 0),
(235, '2023-08-17', '10:15:00', 0),
(236, '2023-08-17', '10:20:00', 0),
(237, '2023-08-17', '10:25:00', 0),
(238, '2023-08-17', '10:30:00', 0),
(239, '2023-08-17', '10:35:00', 0),
(240, '2023-08-17', '10:40:00', 0),
(241, '2023-08-17', '10:45:00', 0),
(242, '2023-08-17', '10:50:00', 0),
(243, '2023-08-17', '10:55:00', 0),
(244, '2023-08-17', '11:00:00', 0),
(245, '2023-08-17', '11:05:00', 0),
(246, '2023-08-17', '11:10:00', 0),
(247, '2023-08-17', '11:15:00', 0),
(248, '2023-08-17', '11:20:00', 0),
(249, '2023-08-17', '11:25:00', 0),
(250, '2023-08-17', '11:30:00', 0),
(251, '2023-08-17', '11:35:00', 0),
(252, '2023-08-17', '11:40:00', 0),
(253, '2023-08-17', '11:45:00', 0),
(254, '2023-08-17', '11:50:00', 0),
(255, '2023-08-17', '11:55:00', 0),
(256, '2023-08-17', '12:00:00', 0),
(257, '2023-08-17', '12:05:00', 0),
(258, '2023-08-17', '12:10:00', 0),
(259, '2023-08-17', '12:15:00', 0),
(260, '2023-08-17', '12:20:00', 0),
(261, '2023-08-17', '12:25:00', 0),
(262, '2023-08-17', '12:30:00', 0),
(263, '2023-08-17', '12:35:00', 0),
(264, '2023-08-17', '12:40:00', 0),
(265, '2023-08-17', '12:45:00', 0),
(266, '2023-08-17', '12:50:00', 0),
(267, '2023-08-17', '12:55:00', 0),
(268, '2023-08-17', '13:00:00', 0),
(269, '2023-08-18', '07:30:00', 0),
(270, '2023-08-18', '07:35:00', 0),
(271, '2023-08-18', '07:40:00', 0),
(272, '2023-08-18', '07:45:00', 0),
(273, '2023-08-18', '07:50:00', 0),
(274, '2023-08-18', '07:55:00', 0),
(275, '2023-08-18', '08:00:00', 0),
(276, '2023-08-18', '08:05:00', 0),
(277, '2023-08-18', '08:10:00', 0),
(278, '2023-08-18', '08:15:00', 0),
(279, '2023-08-18', '08:20:00', 0),
(280, '2023-08-18', '08:25:00', 0),
(281, '2023-08-18', '08:30:00', 0),
(282, '2023-08-18', '08:35:00', 0),
(283, '2023-08-18', '08:40:00', 0),
(284, '2023-08-18', '08:45:00', 0),
(285, '2023-08-18', '08:50:00', 0),
(286, '2023-08-18', '08:55:00', 0),
(287, '2023-08-18', '09:00:00', 0),
(288, '2023-08-18', '09:05:00', 0),
(289, '2023-08-18', '09:10:00', 0),
(290, '2023-08-18', '09:15:00', 0),
(291, '2023-08-18', '09:20:00', 0),
(292, '2023-08-18', '09:25:00', 0),
(293, '2023-08-18', '09:30:00', 0),
(294, '2023-08-18', '09:35:00', 0),
(295, '2023-08-18', '09:40:00', 0),
(296, '2023-08-18', '09:45:00', 0),
(297, '2023-08-18', '09:50:00', 0),
(298, '2023-08-18', '09:55:00', 0),
(299, '2023-08-18', '10:00:00', 0),
(300, '2023-08-18', '10:05:00', 0),
(301, '2023-08-18', '10:10:00', 0),
(302, '2023-08-18', '10:15:00', 0),
(303, '2023-08-18', '10:20:00', 0),
(304, '2023-08-18', '10:25:00', 0),
(305, '2023-08-18', '10:30:00', 0),
(306, '2023-08-18', '10:35:00', 0),
(307, '2023-08-18', '10:40:00', 0),
(308, '2023-08-18', '10:45:00', 0),
(309, '2023-08-18', '10:50:00', 0),
(310, '2023-08-18', '10:55:00', 0),
(311, '2023-08-18', '11:00:00', 0),
(312, '2023-08-18', '11:05:00', 0),
(313, '2023-08-18', '11:10:00', 0),
(314, '2023-08-18', '11:15:00', 0),
(315, '2023-08-18', '11:20:00', 0),
(316, '2023-08-18', '11:25:00', 0),
(317, '2023-08-18', '11:30:00', 0),
(318, '2023-08-18', '11:35:00', 0),
(319, '2023-08-18', '11:40:00', 0),
(320, '2023-08-18', '11:45:00', 0),
(321, '2023-08-18', '11:50:00', 0),
(322, '2023-08-18', '11:55:00', 0),
(323, '2023-08-18', '12:00:00', 0),
(324, '2023-08-18', '12:05:00', 0),
(325, '2023-08-18', '12:10:00', 0),
(326, '2023-08-18', '12:15:00', 0),
(327, '2023-08-18', '12:20:00', 0),
(328, '2023-08-18', '12:25:00', 0),
(329, '2023-08-18', '12:30:00', 0),
(330, '2023-08-18', '12:35:00', 0),
(331, '2023-08-18', '12:40:00', 0),
(332, '2023-08-18', '12:45:00', 0),
(333, '2023-08-18', '12:50:00', 0),
(334, '2023-08-18', '12:55:00', 0),
(335, '2023-08-18', '13:00:00', 0),
(336, '2023-08-19', '07:00:00', 0),
(337, '2023-08-19', '07:05:00', 0),
(338, '2023-08-19', '07:10:00', 0),
(339, '2023-08-19', '07:15:00', 0),
(340, '2023-08-19', '07:20:00', 0),
(341, '2023-08-19', '07:25:00', 0),
(342, '2023-08-19', '07:30:00', 0),
(343, '2023-08-19', '07:35:00', 0),
(344, '2023-08-19', '07:40:00', 0),
(345, '2023-08-19', '07:45:00', 0),
(346, '2023-08-19', '07:50:00', 0),
(347, '2023-08-19', '07:55:00', 0),
(348, '2023-08-19', '08:00:00', 0),
(349, '2023-08-19', '08:05:00', 0),
(350, '2023-08-19', '08:10:00', 0),
(351, '2023-08-19', '08:15:00', 0),
(352, '2023-08-19', '08:20:00', 0),
(353, '2023-08-19', '08:25:00', 0),
(354, '2023-08-19', '08:30:00', 0),
(355, '2023-08-19', '08:35:00', 0),
(356, '2023-08-19', '08:40:00', 0),
(357, '2023-08-19', '08:45:00', 0),
(358, '2023-08-19', '08:50:00', 0),
(359, '2023-08-19', '08:55:00', 0),
(360, '2023-08-19', '09:00:00', 0),
(361, '2023-08-19', '09:05:00', 0),
(362, '2023-08-19', '09:10:00', 0),
(363, '2023-08-19', '09:15:00', 0),
(364, '2023-08-19', '09:20:00', 0),
(365, '2023-08-19', '09:25:00', 0),
(366, '2023-08-19', '09:30:00', 0),
(367, '2023-08-19', '09:35:00', 0),
(368, '2023-08-19', '09:40:00', 0),
(369, '2023-08-19', '09:45:00', 0),
(370, '2023-08-19', '09:50:00', 0),
(371, '2023-08-19', '09:55:00', 0),
(372, '2023-08-19', '10:00:00', 0),
(373, '2023-08-19', '10:05:00', 0),
(374, '2023-08-19', '10:10:00', 0),
(375, '2023-08-19', '10:15:00', 0),
(376, '2023-08-19', '10:20:00', 0),
(377, '2023-08-19', '10:25:00', 0),
(378, '2023-08-19', '10:30:00', 0),
(379, '2023-08-19', '10:35:00', 0),
(380, '2023-08-19', '10:40:00', 0),
(381, '2023-08-19', '10:45:00', 0),
(382, '2023-08-19', '10:50:00', 0),
(383, '2023-08-19', '10:55:00', 0),
(384, '2023-08-19', '11:00:00', 0),
(385, '2023-08-19', '11:05:00', 0),
(386, '2023-08-19', '11:10:00', 0),
(387, '2023-08-19', '11:15:00', 0),
(388, '2023-08-19', '11:20:00', 0),
(389, '2023-08-19', '11:25:00', 0),
(390, '2023-08-19', '11:30:00', 0);

-- --------------------------------------------------------

--
-- Estrutura da tabela `doacao`
--

CREATE TABLE `doacao` (
  `ID` int(11) NOT NULL,
  `FK_DOADOR_ID` int(11) DEFAULT NULL,
  `FK_DATA_HORARIO_ID` int(11) DEFAULT NULL
) ENGINE=InnoDB DEFAULT CHARSET=utf8mb4;

--
-- Extraindo dados da tabela `doacao`
--

INSERT INTO `doacao` (`ID`, `FK_DOADOR_ID`, `FK_DATA_HORARIO_ID`) VALUES
(4, 4, 4),
(5, 5, 5),
(7, 1, 2);

-- --------------------------------------------------------

--
-- Estrutura da tabela `doador`
--

CREATE TABLE `doador` (
  `ID` int(11) NOT NULL,
  `NOME_COMPLETO` varchar(100) NOT NULL,
  `NOME_MAE` varchar(100) NOT NULL,
  `NOME_PAI` varchar(100) NOT NULL,
  `ENDERECO` varchar(100) NOT NULL,
  `CEP` varchar(9) NOT NULL,
  `NACIONALIDADE` varchar(45) NOT NULL,
  `PROFISSAO` varchar(45) NOT NULL,
  `TELEFONE` varchar(14) NOT NULL,
  `CPF` varchar(14) NOT NULL,
  `RG` varchar(12) NOT NULL,
  `CARTAO_SUS` varchar(18) NOT NULL,
  `NOME_USUARIO` varchar(45) NOT NULL,
  `SENHA` varchar(45) NOT NULL,
  `FK_MUNICIPIO_NASCIMENTO_ID` int(11) DEFAULT NULL,
  `FK_GRAU_ESCOLARIDADE_ID` int(11) DEFAULT NULL,
  `FK_ESTADO_CIVIL_ID` int(11) DEFAULT NULL
) ENGINE=InnoDB DEFAULT CHARSET=utf8mb4;

--
-- Extraindo dados da tabela `doador`
--

INSERT INTO `doador` (`ID`, `NOME_COMPLETO`, `NOME_MAE`, `NOME_PAI`, `ENDERECO`, `CEP`, `NACIONALIDADE`, `PROFISSAO`, `TELEFONE`, `CPF`, `RG`, `CARTAO_SUS`, `NOME_USUARIO`, `SENHA`, `FK_MUNICIPIO_NASCIMENTO_ID`, `FK_GRAU_ESCOLARIDADE_ID`, `FK_ESTADO_CIVIL_ID`) VALUES
(1, 'Duda Martins', 'Regina Martins', 'Rodrigo Martins', 'Rua Floripa, Nº 65, Jargim Floripa, Águas da Prata, SP ', '13890-000', 'Brasileira', 'Estudante', '19 99544-7181', '362.377.748-07', '34.918.774-5', '866 6406 3256 0000', 'doador01', 'doador123', 1, 1, 1),
(2, 'Antonio Mariano', 'Mariana Mariano', 'Arthur Mariano', 'Rua das Águas, Nº 78, Jardim das Águas, Aguaí, SP ', '13860-000', 'Brasileiro', 'Técnico em Informática', '19 99262-8645', '265.648.338-73', '38.632.930-8', '138 5423 8679 0001', 'doador02', 'doador123', 2, 2, 2),
(3, 'Julia Ferreira', 'Jasmin Ferreira', 'Joao Ferreira', 'Rua das Flores, Nº 14, Jardim das Flores, Belo Horizonte, MG ', '30710-010', 'Brasileira', 'Enfermeira', '19 97993-9686', '850.038.568-57', '38.735.099-8', '203 8225 3338 0008', 'doador03', 'doador123', 3, 3, 3),
(4, 'Rafaela Rodriguez', 'Maria Luiza Rodriguez', 'Mauricio Martins Rodriguez', 'Rua Caldas, Nº 98, Jardim Caldas, Poços de Caldas, MG ', '37701-000', 'Brasileira', 'Jornalista', '19 99243-8201', '876.251.418-02', '19.995.845-2', '874 8772 9979 0006', 'doador04', 'doador123', 4, 4, 4),
(5, 'Raquel Martins Rodriguez', 'Maria Eduarda Rodriguez', 'Jonas Teixeira Rodriguez', 'Rua Vargem, Nº 08, Jardim de Vargem, Vargem Grande do Sul, SP', '13880-000', 'Brasileira', 'Programadora', '19 97151-1714', '470.699.148-06', '18.518.701-8', '901 0417 3101 0007', 'antonio', 'antonio123', 7, 9, 2),
(6, 'Bruna Oliveira Carvalho', 'Freya Oliveira Carvalho', 'Odin Oliveira Carvalho', 'Rua Cabral, Nº 11, Jardim Rio Bela Vista, Rio Claro, SP', '13500-920', 'Brasileira', 'Cientista de Dados', '19 95395-8526', '726.224.998-33', '11.526.044-4', '257 1188 2111 0007', 'bruna123', 'bruna123', 9, 11, 2),
(7, 'Gustavo Aurélio Prieto', 'Ana Dina Rangel Prieto', 'José Antonio Prieto', 'Rua São Luís, Nº 07, Pratinha, São João da Boa Vista, SP', '13870-789', 'Brasileiro', 'Professor', '19 99382-9365', '561.682.818-19', '45.053.133-8', '823 6534 0385 0018', 'gaprieto', '123456', 1, 10, 2),
(8, 'Heloisa Ferraz Teixeira', 'Fernanda Oliveira Teixeira', 'Fernando Oliveira Teixeira', 'Rua Boa Vista, Nº 20, Jardim Boa Vista, Vargem Grande do Sul, SP', '13880-000', 'Brasileira', 'Assistente Administrativo', '19 93258-1815', '233.885.978-20', '44.649.472-0', '966 2833 8172 0005', 'doador08', '123456', 4, 7, 1),
(9, 'Larissa Ferraz ', 'Guilherme Ferraz', 'Julia Ferraz', 'Rua Capitão Oliveira, Nº 02, Jardim Oliveira, Vargem Grande do Sul, SP', '13880-000', 'Brasileira', 'Estudante', '19 98511-3317', '926.332.258-96', '46.836.834-6', '292 9017 3445 0009', 'doador00', 'doador123', 1, 5, 1);

-- --------------------------------------------------------

--
-- Estrutura da tabela `estado`
--

CREATE TABLE `estado` (
  `ID` int(11) NOT NULL,
  `NOME_ESTADO` varchar(100) NOT NULL
) ENGINE=InnoDB DEFAULT CHARSET=utf8mb4;

--
-- Extraindo dados da tabela `estado`
--

INSERT INTO `estado` (`ID`, `NOME_ESTADO`) VALUES
(1, 'Acre'),
(2, 'Alagoas'),
(3, 'Amapá'),
(4, 'Amazonas'),
(5, 'Bahia'),
(6, 'Ceará'),
(27, 'Distrito Federal'),
(7, 'Espírito Santo'),
(8, 'Goiás'),
(9, 'Maranhão'),
(10, 'Mato Grosso'),
(11, 'Mato Grosso do Sul'),
(12, 'Minas Gerais'),
(13, 'Pará'),
(14, 'Paraíba'),
(15, 'Paraná'),
(16, 'Pernambuco'),
(17, 'Piauí'),
(18, 'Rio de Janeiro'),
(19, 'Rio Grande do Norte'),
(20, 'Rio Grande do Sul'),
(21, 'Rondônia'),
(22, 'Roraima'),
(23, 'Santa Catarina'),
(24, 'São Paulo'),
(25, 'Sergipe'),
(26, 'Tocantins');

-- --------------------------------------------------------

--
-- Estrutura da tabela `estado_civil`
--

CREATE TABLE `estado_civil` (
  `ID` int(11) NOT NULL,
  `ESTADO_CIVIL` varchar(45) NOT NULL
) ENGINE=InnoDB DEFAULT CHARSET=utf8mb4;

--
-- Extraindo dados da tabela `estado_civil`
--

INSERT INTO `estado_civil` (`ID`, `ESTADO_CIVIL`) VALUES
(2, 'Casado(a)'),
(5, 'Divorciado(a)'),
(6, 'Separado(a) judicialmente'),
(1, 'Solteiro(a)'),
(3, 'União estável'),
(4, 'Viúvo(a)');

-- --------------------------------------------------------

--
-- Estrutura da tabela `grau_escolaridade`
--

CREATE TABLE `grau_escolaridade` (
  `ID` int(11) NOT NULL,
  `GRAU_ESCOLARIDADE` varchar(45) NOT NULL
) ENGINE=InnoDB DEFAULT CHARSET=utf8mb4;

--
-- Extraindo dados da tabela `grau_escolaridade`
--

INSERT INTO `grau_escolaridade` (`ID`, `GRAU_ESCOLARIDADE`) VALUES
(3, '5º Ano Completo'),
(4, '6º ao 9º Ano do Fundamental'),
(1, 'Analfabeto'),
(2, 'Até 5º Ano Incompleto'),
(11, 'Doutorado'),
(5, 'Fundamental Completo'),
(7, 'Médio Completo'),
(6, 'Médio Incompleto'),
(10, 'Mestrado'),
(9, 'Superior Completo'),
(8, 'Superior Incompleto');

-- --------------------------------------------------------

--
-- Estrutura da tabela `municipio_nascimento`
--

CREATE TABLE `municipio_nascimento` (
  `ID` int(11) NOT NULL,
  `MUNICIPIO_NASCIMENTO` varchar(100) NOT NULL,
  `FK_ESTADO_ID` int(11) DEFAULT NULL
) ENGINE=InnoDB DEFAULT CHARSET=utf8mb4;

--
-- Extraindo dados da tabela `municipio_nascimento`
--

INSERT INTO `municipio_nascimento` (`ID`, `MUNICIPIO_NASCIMENTO`, `FK_ESTADO_ID`) VALUES
(1, 'São Paulo', 24),
(2, 'São João da Boa Vista', 24),
(3, 'Águas da Prata', 24),
(4, 'Aguaí', 24),
(5, 'Belo Horizonte', 12),
(6, 'Poços de Caldas', 12),
(7, 'Pouso Alegre', 12),
(8, 'Rio de Janeiro', 18),
(9, 'Itaboraí', 18),
(10, 'Magé', 18);

--
-- Índices para tabelas despejadas
--

--
-- Índices para tabela `data_horario`
--
ALTER TABLE `data_horario`
  ADD PRIMARY KEY (`ID`);

--
-- Índices para tabela `doacao`
--
ALTER TABLE `doacao`
  ADD PRIMARY KEY (`ID`),
  ADD KEY `FK_DOACAO_2` (`FK_DOADOR_ID`),
  ADD KEY `FK_DOACAO_3` (`FK_DATA_HORARIO_ID`);

--
-- Índices para tabela `doador`
--
ALTER TABLE `doador`
  ADD PRIMARY KEY (`ID`),
  ADD UNIQUE KEY `CPF` (`CPF`,`RG`,`CARTAO_SUS`,`NOME_USUARIO`),
  ADD KEY `FK_DOADOR_2` (`FK_MUNICIPIO_NASCIMENTO_ID`),
  ADD KEY `FK_DOADOR_3` (`FK_GRAU_ESCOLARIDADE_ID`),
  ADD KEY `FK_DOADOR_4` (`FK_ESTADO_CIVIL_ID`);

--
-- Índices para tabela `estado`
--
ALTER TABLE `estado`
  ADD PRIMARY KEY (`ID`),
  ADD UNIQUE KEY `NOME_ESTADO` (`NOME_ESTADO`);

--
-- Índices para tabela `estado_civil`
--
ALTER TABLE `estado_civil`
  ADD PRIMARY KEY (`ID`),
  ADD UNIQUE KEY `ESTADO_CIVIL` (`ESTADO_CIVIL`);

--
-- Índices para tabela `grau_escolaridade`
--
ALTER TABLE `grau_escolaridade`
  ADD PRIMARY KEY (`ID`),
  ADD UNIQUE KEY `GRAU_ESCOLARIDADE` (`GRAU_ESCOLARIDADE`);

--
-- Índices para tabela `municipio_nascimento`
--
ALTER TABLE `municipio_nascimento`
  ADD PRIMARY KEY (`ID`),
  ADD KEY `FK_MUNICIPIO_NASCIMENTO_2` (`FK_ESTADO_ID`);

--
-- AUTO_INCREMENT de tabelas despejadas
--

--
-- AUTO_INCREMENT de tabela `data_horario`
--
ALTER TABLE `data_horario`
  MODIFY `ID` int(11) NOT NULL AUTO_INCREMENT, AUTO_INCREMENT=391;

--
-- AUTO_INCREMENT de tabela `doacao`
--
ALTER TABLE `doacao`
  MODIFY `ID` int(11) NOT NULL AUTO_INCREMENT, AUTO_INCREMENT=8;

--
-- AUTO_INCREMENT de tabela `doador`
--
ALTER TABLE `doador`
  MODIFY `ID` int(11) NOT NULL AUTO_INCREMENT, AUTO_INCREMENT=10;

--
-- AUTO_INCREMENT de tabela `estado`
--
ALTER TABLE `estado`
  MODIFY `ID` int(11) NOT NULL AUTO_INCREMENT, AUTO_INCREMENT=28;

--
-- AUTO_INCREMENT de tabela `estado_civil`
--
ALTER TABLE `estado_civil`
  MODIFY `ID` int(11) NOT NULL AUTO_INCREMENT, AUTO_INCREMENT=7;

--
-- AUTO_INCREMENT de tabela `grau_escolaridade`
--
ALTER TABLE `grau_escolaridade`
  MODIFY `ID` int(11) NOT NULL AUTO_INCREMENT, AUTO_INCREMENT=12;

--
-- AUTO_INCREMENT de tabela `municipio_nascimento`
--
ALTER TABLE `municipio_nascimento`
  MODIFY `ID` int(11) NOT NULL AUTO_INCREMENT, AUTO_INCREMENT=11;

--
-- Restrições para despejos de tabelas
--

--
-- Limitadores para a tabela `doacao`
--
ALTER TABLE `doacao`
  ADD CONSTRAINT `FK_DOACAO_2` FOREIGN KEY (`FK_DOADOR_ID`) REFERENCES `doador` (`ID`) ON DELETE CASCADE,
  ADD CONSTRAINT `FK_DOACAO_3` FOREIGN KEY (`FK_DATA_HORARIO_ID`) REFERENCES `data_horario` (`ID`) ON DELETE CASCADE;

--
-- Limitadores para a tabela `doador`
--
ALTER TABLE `doador`
  ADD CONSTRAINT `FK_DOADOR_2` FOREIGN KEY (`FK_MUNICIPIO_NASCIMENTO_ID`) REFERENCES `municipio_nascimento` (`ID`) ON DELETE CASCADE,
  ADD CONSTRAINT `FK_DOADOR_3` FOREIGN KEY (`FK_GRAU_ESCOLARIDADE_ID`) REFERENCES `grau_escolaridade` (`ID`) ON DELETE CASCADE,
  ADD CONSTRAINT `FK_DOADOR_4` FOREIGN KEY (`FK_ESTADO_CIVIL_ID`) REFERENCES `estado_civil` (`ID`) ON DELETE CASCADE;

--
-- Limitadores para a tabela `municipio_nascimento`
--
ALTER TABLE `municipio_nascimento`
  ADD CONSTRAINT `FK_MUNICIPIO_NASCIMENTO_2` FOREIGN KEY (`FK_ESTADO_ID`) REFERENCES `estado` (`ID`);
COMMIT;

/*!40101 SET CHARACTER_SET_CLIENT=@OLD_CHARACTER_SET_CLIENT */;
/*!40101 SET CHARACTER_SET_RESULTS=@OLD_CHARACTER_SET_RESULTS */;
/*!40101 SET COLLATION_CONNECTION=@OLD_COLLATION_CONNECTION */;
